{"cameraMode":{"drawMode":0,"name":"Shaded","section":"Shading Mode"},"sceneLighting":true,"audioPlay":false,"sceneViewState":{"showFog":true,"showMaterialUpdate":false,"showSkybox":true,"showFlares":true,"showImageEffects":true,"showParticleSystems":true},"in2DMode":false,"pivot":{"x":-1.349806785583496,"y":2.0589077472686769,"z":0.7475858926773071},"rotation":{"x":-0.061844352632761,"y":0.6105279922485352,"z":-0.047907955944538119,"w":-0.7881252765655518},"size":2.1281211376190187,"orthographic":false}