{"cameraMode":{"drawMode":0,"name":"Shaded","section":"Shading Mode"},"sceneLighting":true,"audioPlay":false,"sceneViewState":{"showFog":true,"showMaterialUpdate":false,"showSkybox":true,"showFlares":true,"showImageEffects":true,"showParticleSystems":true},"in2DMode":false,"pivot":{"x":-0.18292005360126496,"y":1.5168101787567139,"z":0.6810848712921143},"rotation":{"x":-0.1338883936405182,"y":0.7147507071495056,"z":-0.1425146758556366,"w":-0.6714874505996704},"size":0.5619667768478394,"orthographic":false}