{"cameraMode":{"drawMode":0,"name":"Shaded","section":"Shading Mode"},"sceneLighting":true,"audioPlay":false,"sceneViewState":{"showFog":true,"showMaterialUpdate":false,"showSkybox":true,"showFlares":true,"showImageEffects":true,"showParticleSystems":true},"in2DMode":false,"pivot":{"x":0.004801660776138306,"y":0.8303803205490112,"z":0.2009897530078888},"rotation":{"x":-0.11670498549938202,"y":0.46222037076950076,"z":-0.06151429936289787,"w":-0.8769007325172424},"size":0.40736186504364016,"orthographic":false}