{"cameraMode":{"drawMode":0,"name":"Shaded","section":"Shading Mode"},"sceneLighting":false,"audioPlay":false,"sceneViewState":{"showFog":true,"showMaterialUpdate":false,"showSkybox":false,"showFlares":true,"showImageEffects":true,"showParticleSystems":true},"in2DMode":false,"pivot":{"x":0.5179575681686401,"y":-0.1024480015039444,"z":0.3568231165409088},"rotation":{"x":0.1825435757637024,"y":0.633372962474823,"z":-0.15722502768039704,"w":0.7354044914245606},"size":1.099119782447815,"orthographic":false}