{"cameraMode":{"drawMode":0,"name":"Shaded","section":"Shading Mode"},"sceneLighting":true,"audioPlay":false,"sceneViewState":{"showFog":true,"showMaterialUpdate":false,"showSkybox":true,"showFlares":true,"showImageEffects":true,"showParticleSystems":true},"in2DMode":false,"pivot":{"x":3.0250000953674318,"y":1.0151865482330323,"z":1.0347535610198975},"rotation":{"x":-0.16876983642578126,"y":0.05083222687244415,"z":-0.008715778589248658,"w":-0.9843055009841919},"size":2.7049753665924074,"orthographic":false}