{"cameraMode":{"drawMode":0,"name":"Shaded","section":"Shading Mode"},"sceneLighting":true,"audioPlay":false,"sceneViewState":{"showFog":true,"showMaterialUpdate":false,"showSkybox":true,"showFlares":true,"showImageEffects":true,"showParticleSystems":true,"showVisualEffectGraphs":true,"m_FxEnabled":true},"in2DMode":false,"pivot":{"x":-1.6304559707641602,"y":1.994720458984375,"z":0.11494779586791992},"rotation":{"x":0.46167582273483279,"y":-0.4168887734413147,"z":0.26068270206451418,"w":0.7383429408073425},"size":15.665278434753418,"orthographic":false}